time,Volume,Tot Inflow Vol,Tot Outflow Vol,Overflow Vol,Evapouration,Rain,Lake Level,Surface Area,Black Ice,Snow,White Ice,Max Temp,Min Temp,Surface Temp,Daily Qsw,Daily Qe,Daily Qh,Daily Qlw,Light,Benthic Light,Max dT/dz
2011-04-01 24:00:00, 7439.228644,    0.000000,    0.000000,    0.000000,   -2.674787,    1.525504,    9.753247,    1.525448,    0.000000,    0.000000,    0.000000,    9.747192,    7.121991,    9.747192,18286048.668799,-6561251.466644,-4548893.385125,-10554861.502238,  447.140798,  100.000000,    0.429117
2011-04-02 24:00:00, 7436.832612,    0.000000,    0.000000,    0.000000,   -3.159309,    0.762664,    9.751675,    1.525202,    0.000000,    0.000000,    0.000000,    9.275534,    7.180543,    9.275534,19466959.016182,-7749784.469000,-5690437.335222,-8981083.122068,  507.778639,  100.000000,    0.146831
2011-04-03 24:00:00, 7437.765888,    0.000000,    0.000000,    0.000000,   -4.404888,    5.338352,    9.752287,    1.525298,    0.000000,    0.000000,    0.000000,    8.597887,    8.597887,    8.597887,15035843.850529,-10805189.915456,-8577468.473368,-8202876.322504,  229.287467,  100.000000,    0.220851
2011-04-04 24:00:00, 7439.767522,    0.000000,    0.000000,    0.883380,   -4.741216,    7.627175,    9.753600,    1.525503,    0.000000,    0.000000,    0.000000,    7.943836,    7.943836,    7.943836,9610737.278061,-11630203.359563,-9937544.966542,-6429821.474536,  246.401386,  100.000000,    0.220883
2011-04-05 24:00:00, 7437.313750,    0.000000,    0.000000,    0.000000,   -4.742551,    2.288068,    9.751991,    1.525251,    0.000000,    0.000000,    0.000000,    7.479659,    7.479659,    7.479659,16757765.667882,-11633478.534654,-9854208.337030,-6280309.809083,  590.877375,  100.000000,    0.220845
2011-04-06 24:00:00, 7433.759767,    0.000000,    0.000000,    0.000000,   -3.554300,    0.000000,    9.749660,    1.524887,    0.000000,    0.000000,    0.000000,    7.395497,    7.395497,    7.395497,23740220.658460,-8718698.672235,-5437711.159590,-7425457.264704,  595.120020,  100.000000,    0.220799
2011-04-07 24:00:00, 7431.601616,    0.000000,    0.000000,    0.000000,   -2.157925,    0.000000,    9.748245,    1.524665,    0.000000,    0.000000,    0.000000,    7.793423,    7.326621,    7.793423,27675699.042748,-5293390.511058,-1491076.688316,-8712376.969817,  796.752966,  100.000000,    0.131218
2011-04-08 24:00:00, 7429.430446,    0.000000,    0.000000,    0.000000,   -2.170627,    0.000000,    9.746821,    1.524443,    0.000000,    0.000000,    0.000000,    8.077323,    7.665287,    8.077323,31672792.501421,-5324548.230055,-471219.785589,-11976593.748137,  801.159889,  100.000000,    0.105831
2011-04-09 24:00:00, 7427.652187,    0.000000,    0.000000,    0.000000,   -1.777577,    0.000000,    9.745655,    1.524260,    0.000000,    0.000000,    0.000000,    8.240570,    8.012237,    8.240570,29040566.007937,-4360396.169784,-126858.738097,-10027968.959267,  669.480748,  100.000000,    0.160987
2011-04-10 24:00:00, 7437.311737,    0.000000,    0.000000,    0.000000,   -0.252533,    9.910783,    9.751990,    1.525251,    0.000000,    0.000000,    0.000000,    8.800754,    8.800754,    8.800754,24854107.670128,-619463.293705,2949294.015038,-4349157.956479,  595.375481,  100.000000,    0.220845
2011-04-11 24:00:00, 7439.767522,    0.000000,    0.000000,    9.738215,   -0.005528,   12.206805,    9.753600,    1.525503,    0.000000,    0.000000,    0.000000,    9.487714,    9.487714,    9.487714,22912537.874878,-13559.773988,5794759.362227,-2596717.662239,  576.001871,  100.000000,    0.220945
2011-04-12 24:00:00, 7438.829897,    0.000000,    0.000000,    0.000000,   -3.226126,    2.288183,    9.752985,    1.525407,    0.000000,    0.000000,    0.000000,    9.634623,    9.634623,    9.634623,27612441.814349,-7913686.946216,-706621.028029,-8744894.382826,  846.379158,  100.000000,    0.220865
2011-04-13 24:00:00, 7436.005514,    0.000000,    0.000000,    0.000000,   -2.824990,    0.000000,    9.751133,    1.525117,    0.000000,    0.000000,    0.000000,    9.754555,    9.569736,    9.754555,29141492.856209,-6929700.375874,-1649729.903266,-12073381.145581,  656.352873,  100.000000,    0.106619
2011-04-14 24:00:00, 7431.415431,    0.000000,    0.000000,    0.000000,   -4.589936,    0.000000,    9.748123,    1.524646,    0.000000,    0.000000,    0.000000,    9.524077,    9.524077,    9.524077,29831879.065850,-11259113.743501,-5675734.272661,-13659669.067798,  895.095698,  100.000000,    0.220769
2011-04-15 24:00:00, 7423.702103,    0.000000,    0.000000,    0.000000,   -7.709924,    0.000000,    9.743065,    1.523855,    0.000000,    0.000000,    0.000000,    8.790193,    8.790193,    8.790193,33082039.850105,-18912443.863173,-13424519.223571,-16762387.110384,  830.339848,  100.000000,    0.220670
2011-04-16 24:00:00, 7419.459782,    0.000000,    0.000000,    0.000000,   -8.047818,    3.809095,    9.740283,    1.523420,    0.000000,    0.000000,    0.000000,    7.870778,    7.870778,    7.870778,21886735.986245,-19741296.425365,-15493907.653176,-10711323.498386,  311.396271,  100.000000,    0.220616
2011-04-17 24:00:00, 7415.390772,    0.000000,    0.000000,    0.000000,   -7.872446,    3.808027,    9.737615,    1.523003,    0.000000,    0.000000,    0.000000,    6.852496,    6.852496,    6.852496,14760540.940584,-19311110.806748,-17923761.176430,-6108047.475997,  468.719662,  100.000000,    0.220563
2011-04-18 24:00:00, 7409.339392,    0.000000,    0.000000,    0.000000,   -6.042512,    0.000000,    9.733646,    1.522382,    0.000000,    0.000000,    0.000000,    6.236911,    6.236911,    6.236911,21176548.685382,-14822280.781164,-12717814.224145,-8384414.627848,  655.805214,  100.000000,    0.220485
2011-04-19 24:00:00, 7405.780546,    0.000000,    0.000000,    0.000000,   -3.552468,    0.000000,    9.731313,    1.522017,    0.000000,    0.000000,    0.000000,    6.120655,    6.120655,    6.120655,26675062.289753,-8714203.098862,-6014041.996004,-10169970.245340,  766.485065,  100.000000,    0.220440
2011-04-20 24:00:00, 7402.905159,    0.000000,    0.000000,    0.000000,   -3.630546,    0.760937,    9.729427,    1.521722,    0.000000,    0.000000,    0.000000,    5.894238,    5.894238,    5.894238,20402531.461216,-8905728.974054,-5808149.831869,-8507275.425059,  320.539087,  100.000000,    0.220403
2011-04-21 24:00:00, 7400.891391,    0.000000,    0.000000,    0.000000,   -2.770199,    0.760811,    9.728106,    1.521516,    0.000000,    0.000000,    0.000000,    5.841450,    5.841450,    5.841450,21728921.932518,-6795298.931370,-3870914.478087,-8227286.902829,  854.942206,  100.000000,    0.220377
2011-04-22 24:00:00, 7398.137360,    0.000000,    0.000000,    0.000000,   -2.747602,    0.000000,    9.726300,    1.521233,    0.000000,    0.000000,    0.000000,    6.012632,    6.012632,    6.012632,27869793.116357,-6739866.786081,-1940353.530814,-8150369.118578,  649.734868,  100.000000,    0.220341
2011-04-23 24:00:00, 7405.530296,    0.000000,    0.000000,    0.000000,   -2.513648,    9.890373,    9.731148,    1.521992,    0.000000,    0.000000,    0.000000,    6.148807,    6.148807,    6.148807,20953994.065726,-6165977.465560,-1788554.246689,-4469977.411882,  486.840754,  100.000000,    0.220436
2011-04-24 24:00:00, 7413.694443,    0.000000,    0.000000,    0.000000,   -1.745043,    9.895551,    9.736502,    1.522829,    0.000000,    0.000000,    0.000000,    6.515872,    6.515872,    6.515872,26733561.113574,-4280589.806765,-330662.469952,-5238080.790298,  977.387407,  100.000000,    0.220541
2011-04-25 24:00:00, 7412.240604,    0.000000,    0.000000,    0.000000,   -1.451759,    0.000000,    9.735549,    1.522680,    0.000000,    0.000000,    0.000000,    7.210105,    6.768159,    7.210105,36055423.660466,-3561164.249339,1310412.122782,-9271188.580224,  999.202630,  100.000000,    0.113570
2011-04-26 24:00:00, 7422.993584,    0.000000,    0.000000,    0.000000,   -2.206498,   12.947265,    9.742600,    1.523783,    0.000000,    0.000000,    0.000000,    7.365767,    7.365767,    7.365767,24654866.822377,-5412540.526354,1148510.964697,-7895556.656907,  351.186949,  100.000000,    0.220661
2011-04-27 24:00:00, 7435.166404,    0.000000,    0.000000,    0.000000,   -1.551071,   13.719425,    9.750583,    1.525031,    0.000000,    0.000000,    0.000000,    7.576899,    7.576899,    7.576899,17064625.325755,-3804776.982677,-294028.331241,-2893611.278326,  594.871168,  100.000000,    0.220818
2011-04-28 24:00:00, 7437.602833,    0.000000,    0.000000,    0.000000,   -1.376112,    3.812877,    9.752180,    1.525281,    0.000000,    0.000000,    0.000000,    7.760149,    7.760149,    7.760149,16030378.440208,-3375601.681375,-1758641.693108,-2178343.862425,  291.810310,  100.000000,    0.220849
2011-04-29 24:00:00, 7438.351775,    0.000000,    0.000000,    0.000000,   -2.301506,    3.050634,    9.752672,    1.525358,    0.000000,    0.000000,    0.000000,    8.025701,    7.653309,    8.025701,24050736.544318,-5645595.327576,-2093912.407896,-7184992.725199, 1058.214094,  100.000000,    0.189074
2011-04-30 24:00:00, 7436.400484,    0.000000,    0.000000,    0.000000,   -3.476962,    1.525260,    9.751392,    1.525158,    0.000000,    0.000000,    0.000000,    8.066384,    8.066384,    8.066384,28884513.879721,-8528988.859283,-581610.340900,-9290655.850045,  555.192833,  100.000000,    0.220833
2011-05-01 24:00:00, 7435.302919,    0.000000,    0.000000,    0.000000,   -4.147886,    3.050202,    9.750672,    1.525045,    0.000000,    0.000000,    0.000000,    8.008471,    8.008471,    8.008471,19497709.659542,-10174763.323548,-934472.352480,-6184198.455560,  542.796954,  100.000000,    0.220819
2011-05-02 24:00:00, 7431.924058,    0.000000,    0.000000,    0.000000,   -4.903600,    1.524875,    9.748457,    1.524699,    0.000000,    0.000000,    0.000000,    7.642193,    7.642193,    7.642193,17176922.218126,-12028530.389515,-7104948.995635,-5910338.878184,  428.091072,  100.000000,    0.220776
2011-05-03 24:00:00, 7428.418914,    0.000000,    0.000000,    0.000000,   -3.504192,    0.000000,    9.746158,    1.524339,    0.000000,    0.000000,    0.000000,    7.497874,    7.316071,    7.497874,20053099.695415,-8595782.910506,-6303115.331115,-5856689.029479,  715.557450,  100.000000,    0.225843
2011-05-04 24:00:00, 7426.432953,    0.000000,    0.000000,    0.000000,   -1.985051,    0.000000,    9.744856,    1.524135,    0.000000,    0.000000,    0.000000,    8.122052,    7.424327,    8.122052,30162414.523115,-4869330.036317,-1979389.273851,-9010095.089114, 1011.491061,  100.000000,    0.173746
2011-05-05 24:00:00, 7424.495291,    0.000000,    0.000000,    0.000000,   -2.698538,    0.762019,    9.743585,    1.523937,    0.000000,    0.000000,    0.000000,    7.938527,    7.814642,    7.938527,26891326.559469,-6619513.538697,-569124.611872,-10564114.041523,  527.658161,  100.000000,    0.255186
2011-05-06 24:00:00, 7422.975523,    0.000000,    0.000000,    0.000000,   -2.280624,    0.761931,    9.742588,    1.523781,    0.000000,    0.000000,    0.000000,    8.190471,    8.190471,    8.190471,25135712.046846,-5594370.405907,536082.592205,-7079645.171162,  926.898604,  100.000000,    0.220661
2011-05-07 24:00:00, 7421.384046,    0.000000,    0.000000,    0.000000,   -1.590185,    0.000000,    9.741545,    1.523618,    0.000000,    0.000000,    0.000000,    8.786720,    8.315344,    8.786720,33556377.442158,-3900723.308416,264797.562245,-8416257.967499, 1019.424544,  100.000000,    0.102038
2011-05-08 24:00:00, 7420.096083,    0.000000,    0.000000,    0.000000,   -1.286793,    0.000000,    9.740700,    1.523485,    0.000000,    0.000000,    0.000000,    9.738821,    8.861755,    9.738821,35387671.297676,-3156502.300255,582672.013758,-9945050.271108, 1041.926261,  100.000000,    0.168880
2011-05-09 24:00:00, 7418.841848,    0.000000,    0.000000,    0.000000,   -2.014699,    0.761711,    9.739878,    1.523357,    0.000000,    0.000000,    0.000000,    9.626825,    9.626825,    9.626825,25191871.347186,-4942055.459952,1926722.072774,-6015009.343685,  425.832815,  100.000000,    0.220608
2011-05-10 24:00:00, 7417.557143,    0.000000,    0.000000,    0.000000,   -2.044965,    0.761647,    9.739035,    1.523225,    0.000000,    0.000000,    0.000000,   10.116113,   10.116113,   10.116113,24460118.065841,-5016298.268476,3126309.315929,-2349629.976690, 1018.003171,  100.000000,    0.220591
2011-05-11 24:00:00, 7428.994196,    0.000000,    0.000000,    0.000000,    0.000000,   11.428403,    9.746535,    1.524398,    0.000000,    0.000000,    0.000000,   11.046574,   11.046574,   11.046574,30912768.067773,    0.000000,5705484.882892,-1371774.194839,  804.614736,  100.000000,    0.220738
2011-05-12 24:00:00, 7439.767522,    0.000000,    0.000000,    1.426196,    0.000000,   12.199981,    9.753600,    1.525503,    0.000000,    0.000000,    0.000000,   12.160700,   11.569761,   12.160700,29081416.383303,    0.000000,6125547.907010,-562239.967388,  919.294435,  100.000000,    0.141882
2011-05-13 24:00:00, 7439.767524,    0.000000,    0.000000,   18.299282,    0.000000,   18.316828,    9.753600,    1.525503,    0.000000,    0.000000,    0.000000,   12.989946,   12.464825,   12.989946,27481325.865415,    0.000000,2979088.147335,-952892.355816,  712.467324,  100.000000,    0.126398
2011-05-14 24:00:00, 7439.767522,    0.000000,    0.000000,   15.524747,   -3.540051,   19.078293,    9.753600,    1.525503,    0.000000,    0.000000,    0.000000,   12.790743,   12.790743,   12.790743,18615471.211744,-8683745.455600,-3974503.561089,-2800128.723649,  396.162248,  100.000000,    0.220985
2011-05-15 24:00:00, 7434.178888,    0.000000,    0.000000,    0.000000,   -7.114911,    1.525221,    9.749935,    1.524930,    0.000000,    0.000000,    0.000000,   12.285907,   12.285907,   12.285907,25979257.398315,-17452875.588082,-8818026.389706,-10082459.496772, 1170.215129,  100.000000,    0.220805
2011-05-16 24:00:00, 7426.412510,    0.000000,    0.000000,    0.000000,   -7.764381,    0.000000,    9.744842,    1.524133,    0.000000,    0.000000,    0.000000,   11.831624,   11.831624,   11.831624,38846110.439690,-19046026.912061,-9063478.293303,-16876990.610703, 1171.748413,  100.000000,    0.220705
2011-05-17 24:00:00, 7421.057482,    0.000000,    0.000000,    0.000000,   -5.351270,    0.000000,    9.741331,    1.523584,    0.000000,    0.000000,    0.000000,   11.755274,   11.466965,   11.755274,38838408.111374,-13126664.299400,-5718556.764582,-17036748.267033, 1180.664126,  100.000000,    0.127064
2011-05-18 24:00:00, 7417.432300,    0.000000,    0.000000,    0.000000,   -3.621534,    0.000000,    9.738953,    1.523212,    0.000000,    0.000000,    0.000000,   11.794718,   11.562995,   11.794718,31182735.530153,-8883623.256784,-2829281.132874,-12875707.347355,  712.087167,  100.000000,    0.125488
2011-05-19 24:00:00, 7415.858082,    0.000000,    0.000000,    0.000000,   -1.572354,    0.000000,    9.737921,    1.523051,    0.000000,    0.000000,    0.000000,   12.686822,   11.756854,   12.686822,28734239.699134,-3856983.720231,-217214.360417,-7490521.305016, 1046.369714,  100.000000,    0.106670
2011-05-20 24:00:00, 7415.442194,    0.000000,    0.000000,    0.000000,   -0.415368,    0.000000,    9.737648,    1.523008,    0.000000,    0.000000,    0.000000,   14.212974,   11.757320,   14.212974,31090072.342811,-1018897.313045,1466912.782759,-3095469.881609,  859.152813,  100.000000,    0.419679
2011-05-21 24:00:00, 7426.407244,    0.000000,    0.000000,    0.000000,   -0.471556,   11.426587,    9.744839,    1.524133,    0.000000,    0.000000,    0.000000,   14.885816,   11.765811,   14.885816,25614401.129057,-1156726.949170,2205714.692344,-2335451.239459,  716.592151,  100.000000,    0.410317
2011-05-22 24:00:00, 7439.767522,    0.000000,    0.000000,    7.274914,   -0.714064,   21.352052,    9.753600,    1.525503,    0.000000,    0.000000,    0.000000,   15.085462,   11.804435,   15.085462,25435873.205970,-1751599.806211,2087078.529126,-3964443.644671,  854.801957,  100.000000,    0.111801
2011-05-23 24:00:00, 7439.767522,    0.000000,    0.000000,   11.711307,   -1.251628,   12.971677,    9.753600,    1.525503,    0.000000,    0.000000,    0.000000,   15.987647,   11.852265,   15.987647,25783073.975912,-3070242.944899,1526568.028324,-3637173.396321,  741.135749,  100.000000,    0.123181
2011-05-24 24:00:00, 7439.767526,    0.000000,    0.000000,    0.084158,   -2.966815,    3.051008,    9.753600,    1.525503,    0.000000,    0.000000,    0.000000,   16.289296,   11.883033,   16.289296,24948465.612052,-7277598.162403,-2074167.396987,-5067297.178004,  810.872616,  100.000000,    0.123181
2011-05-25 24:00:00, 7435.059545,    0.000000,    0.000000,    0.000000,   -4.709004,    0.000000,    9.750513,    1.525020,    0.000000,    0.000000,    0.000000,   17.233621,   11.912551,   17.233621,31661689.401583,-11551185.874767,-5424020.948761,-9115846.621688, 1168.331959,  100.000000,    0.426535
2011-05-26 24:00:00, 7427.469768,    0.000000,    0.000000,    0.000000,   -7.588318,    0.000000,    9.745536,    1.524242,    0.000000,    0.000000,    0.000000,   15.521590,   11.963353,   15.521590,38708541.485444,-18614145.202032,-10055505.428243,-15628061.470646, 1258.233970,  100.000000,    0.425903
2011-05-27 24:00:00, 7420.202469,    0.000000,    0.000000,    0.000000,   -7.262267,    0.000000,    9.740770,    1.523496,    0.000000,    0.000000,    0.000000,   15.004765,   12.006109,   15.004765,39473317.501958,-17814341.993098,-10207518.557021,-18681781.834907, 1225.143977,  100.000000,    0.425287
2011-05-28 24:00:00, 7419.170690,    0.000000,    0.000000,    0.000000,   -5.601081,    4.570314,    9.740093,    1.523391,    0.000000,    0.000000,    0.000000,   15.013936,   12.052298,   15.013936,35823257.485758,-13739452.251875,-6629896.757830,-12589700.617644, 1035.754455,  100.000000,    0.367157
2011-05-29 24:00:00, 7421.137431,    0.000000,    0.000000,    0.000000,   -4.129056,    6.093922,    9.741383,    1.523592,    0.000000,    0.000000,    0.000000,   14.535589,   12.111810,   14.535589,28061167.091273,-10128575.416542,-1905609.244717,-7134018.104080,  740.088467,  100.000000,    0.362574
2011-05-30 24:00:00, 7422.112997,    0.000000,    0.000000,    0.000000,   -2.072546,    3.047280,    9.742023,    1.523692,    0.000000,    0.000000,    0.000000,   15.415773,   12.155535,   15.415773,26378484.353587,-5083955.044800,1780093.756508,-3632948.806474,  937.631026,  100.000000,    0.156644
2011-05-31 24:00:00, 7424.400407,    0.000000,    0.000000,    0.000000,    0.000000,    2.285707,    9.743523,    1.523927,    0.000000,    0.000000,    0.000000,   16.068329,   12.212993,   16.068329,31056567.949479,    0.000000,7477885.743218,-1400881.013525, 1042.657873,  100.000000,    0.137600
2011-06-01 24:00:00, 7420.398343,    0.000000,    0.000000,    0.000000,   -4.760751,    0.761863,    9.740898,    1.523516,    0.000000,    0.000000,    0.000000,   16.661270,   12.343340,   16.661270,34913083.518144,-11678122.433114,5188005.797521,-6939812.597922, 1190.497513,  100.000000,    0.570082
2011-06-02 24:00:00, 7410.111335,    0.000000,    0.000000,    0.000000,  -10.273993,    0.000000,    9.734153,    1.522461,    0.000000,    0.000000,    0.000000,   15.566544,   12.507328,   15.566544,34028262.377893,-25202105.236115,-7262837.320535,-12148820.502560,  991.256390,  100.000000,    0.727183
2011-06-03 24:00:00, 7405.073091,    0.000000,    0.000000,    0.000000,   -5.029236,    0.000000,    9.730849,    1.521945,    0.000000,    0.000000,    0.000000,   15.615721,   12.979353,   15.615721,28139285.606558,-12336714.791555,-3012791.143441,-8145870.062538,  818.918896,  100.000000,    0.726860
2011-06-04 24:00:00, 7403.313928,    0.000000,    0.000000,    0.000000,   -1.755607,    0.000000,    9.729695,    1.521764,    0.000000,    0.000000,    0.000000,   16.305580,   13.512674,   16.305580,31215062.623165,-4306505.013469,5366433.170729,-4873977.268308, 1198.146768,  100.000000,    0.726715
2011-06-05 24:00:00, 7400.545236,    0.000000,    0.000000,    0.000000,   -2.762679,    0.000000,    9.727879,    1.521480,    0.000000,    0.000000,    0.000000,   17.368026,   13.733668,   17.368026,37181104.985477,-6776851.918963,2834423.353911,-8888319.236649, 1208.548018,  100.000000,    0.726715
2011-06-06 24:00:00, 7397.242542,    0.000000,    0.000000,    0.000000,   -3.294848,    0.000000,    9.725714,    1.521141,    0.000000,    0.000000,    0.000000,   19.139117,   13.802348,   19.139117,36283993.344570,-8082263.283277,188531.181523,-9819458.159006, 1145.949212,  100.000000,    0.515086
2011-06-07 24:00:00, 7396.513048,    0.000000,    0.000000,    0.000000,   -1.488210,    0.760550,    9.725235,    1.521067,    0.000000,    0.000000,    0.000000,   20.682420,   13.896825,   20.682420,34741870.848289,-3650578.335666,3276341.039143,-5553133.011538, 1114.205648,  100.000000,    0.453863
2011-06-08 24:00:00, 7395.746514,    0.000000,    0.000000,    0.000000,   -1.525081,    0.760513,    9.724733,    1.520988,    0.000000,    0.000000,    0.000000,   20.919144,   14.127950,   20.919144,35546981.673352,-3741024.919323,5747192.607719,-5280286.395225, 1204.102789,  100.000000,    0.195766
2011-06-09 24:00:00, 7388.389026,    0.000000,    0.000000,    0.000000,   -7.336675,    0.000000,    9.719908,    1.520233,    0.000000,    0.000000,    0.000000,   20.666804,   14.395491,   20.666804,32737407.662984,-17996863.670655,-3467942.347703,-7790999.322059,  934.482731,  100.000000,    0.687369
2011-06-10 24:00:00, 7380.123424,    0.000000,    0.000000,    0.000000,   -8.237888,    0.000000,    9.714488,    1.519386,    0.000000,    0.000000,    0.000000,   19.176214,   14.516142,   19.176214,21875169.546054,-20207540.053575,-9850317.228221,-8954629.721905,  497.091420,  100.000000,    0.664483
2011-06-11 24:00:00, 7383.680101,    0.000000,    0.000000,    0.000000,   -5.573189,    9.117318,    9.716820,    1.519750,    0.000000,    0.000000,    0.000000,   18.561895,   14.574530,   18.561895,20903498.870952,-13671031.470704,-7294201.760287,-8603888.679897,  876.630592,  100.000000,    0.664962
2011-06-12 24:00:00, 7388.074845,    0.000000,    0.000000,    0.000000,   -4.739346,    9.119756,    9.719702,    1.520201,    0.000000,    0.000000,    0.000000,   19.282140,   14.614161,   19.282140,31535457.380005,-11625615.215868,-5216291.313118,-11136204.707122, 1197.816982,  100.000000,    0.499941
2011-06-13 24:00:00, 7383.736865,    0.000000,    0.000000,    0.000000,   -4.323893,    0.000000,    9.716857,    1.519756,    0.000000,    0.000000,    0.000000,   19.719596,   14.640539,   19.719596,37066562.729476,-10606508.413748,-2986139.295029,-13569088.563932, 1243.244679,  100.000000,    0.499345
2011-06-14 24:00:00, 7378.376255,    0.000000,    0.000000,    0.000000,   -5.341461,    0.000000,    9.713342,    1.519207,    0.000000,    0.000000,    0.000000,   19.680405,   14.699623,   19.680405,37732222.657726,-13102603.829436,-2273615.805449,-12827383.736115, 1245.912647,  100.000000,    0.498901
2011-06-15 24:00:00, 7373.435070,    0.000000,    0.000000,    0.000000,   -7.200238,    2.278419,    9.710102,    1.518700,    0.000000,    0.000000,    0.000000,   18.091746,   14.901864,   18.091746,29333929.929111,-17662184.732985,-4558710.773278,-11461547.545096,  691.025070,  100.000000,    0.489589
2011-06-16 24:00:00, 7373.048960,    0.000000,    0.000000,    0.000000,   -4.181213,    3.796688,    9.709848,    1.518660,    0.000000,    0.000000,    0.000000,   17.812295,   15.015438,   17.812295,18032723.268956,-10256516.074060,-3711668.373886,-5818015.162432,  501.760263,  100.000000,    0.489526
2011-06-17 24:00:00, 7373.494703,    0.000000,    0.000000,    0.000000,   -1.834107,    2.278020,    9.710141,    1.518706,    0.000000,    0.000000,    0.000000,   18.532444,   15.040077,   18.532444,20390111.090304,-4499065.163177,-1350304.849865,-2009132.726913,  849.404840,  100.000000,    0.178194
2011-06-18 24:00:00, 7372.158706,    0.000000,    0.000000,    0.000000,   -2.089796,    0.759319,    9.709265,    1.518569,    0.000000,    0.000000,    0.000000,   19.833051,   15.067655,   19.833051,25950127.423345,-5126270.766378,-1018978.191037,-3916512.155108,  871.026978,  100.000000,    0.538145
2011-06-19 24:00:00, 7395.524566,    0.000000,    0.000000,    0.000000,   -2.549287,   25.835115,    9.724587,    1.520965,    0.000000,    0.000000,    0.000000,   20.058584,   15.099316,   20.058584,23109861.148117,-6253401.684729,-1749393.890824,-4628094.407366,  661.031771,  100.000000,    0.668501
2011-06-20 24:00:00, 7418.312818,    0.000000,    0.000000,    0.000000,   -3.129746,   25.875332,    9.739531,    1.523303,    0.000000,    0.000000,    0.000000,   20.986776,   15.134615,   20.986776,26242957.794730,-7677266.515099,-2587462.759300,-4450550.041129, 1077.296777,  100.000000,    0.581462
2011-06-21 24:00:00, 7435.522136,    0.000000,    0.000000,    0.000000,   -4.899616,   22.099995,    9.750816,    1.525068,    0.000000,    0.000000,    0.000000,   20.142492,   15.216931,   20.142492,27832130.117682,-12018757.240495,-4463358.246424,-5601957.200640,  764.535519,  100.000000,    0.407727
2011-06-22 24:00:00, 7439.767522,    0.000000,    0.000000,   26.001568,   -4.831534,   35.110496,    9.753600,    1.525503,    0.000000,    0.000000,    0.000000,   19.757169,   15.343575,   19.757169,25190947.127992,-11851751.698059,-3915481.552058,-4995782.589518,  900.368015,  100.000000,    0.139783
2011-06-23 24:00:00, 7439.767522,    0.000000,    0.000000,   22.748756,   -3.941921,   26.715749,    9.753600,    1.525503,    0.000000,    0.000000,    0.000000,   19.597948,   15.397327,   19.597948,19075482.099860,-9669533.398502,-3433319.327554,-5253504.237550,  360.946058,  100.000000,    0.721726
2011-06-24 24:00:00, 7439.767522,    0.000000,    0.000000,    9.289082,   -4.438291,   13.733581,    9.753600,    1.525503,    0.000000,    0.000000,    0.000000,   19.555492,   15.451758,   19.555492,21316962.528300,-10887127.308640,-4204508.409879,-5879242.905406, 1048.444970,  100.000000,    0.469401
2011-06-25 24:00:00, 7434.004182,    0.000000,    0.000000,    0.000000,   -5.764397,    0.000000,    9.749821,    1.524912,    0.000000,    0.000000,    0.000000,   20.062384,   15.506254,   20.062384,34572961.837229,-14140065.766882,-3649920.978458,-9592284.808841, 1238.799579,  100.000000,    0.469401
2011-06-26 24:00:00, 7429.130495,    0.000000,    0.000000,    0.000000,   -4.872831,    0.000000,    9.746625,    1.524412,    0.000000,    0.000000,    0.000000,   20.726169,   15.540221,   20.726169,36999899.068086,-11953053.377888,-1487770.779234,-10314603.387373, 1209.376871,  100.000000,    0.515205
2011-06-27 24:00:00, 7428.379351,    0.000000,    0.000000,    0.000000,   -4.561774,    3.810909,    9.746132,    1.524335,    0.000000,    0.000000,    0.000000,   20.456967,   15.588482,   20.456967,33890959.700205,-11190032.509919,-970428.983750,-7893437.524316, 1032.831856,  100.000000,    0.581094
2011-06-28 24:00:00, 7426.550055,    0.000000,    0.000000,    0.000000,   -5.639048,    3.810586,    9.744932,    1.524147,    0.000000,    0.000000,    0.000000,   20.727191,   15.672735,   20.727191,33008795.029259,-13832584.468814,-2876974.531792,-8034175.711816, 1149.657086,  100.000000,    0.397454
2011-06-29 24:00:00, 7419.760698,    0.000000,    0.000000,    0.000000,   -6.784342,    0.000000,    9.740480,    1.523451,    0.000000,    0.000000,    0.000000,   20.950684,   15.718624,   20.950684,35883081.720412,-16641990.778488,-4194433.064455,-10913787.138569, 1222.005992,  100.000000,    0.396962
2011-06-30 24:00:00, 7414.784973,    0.000000,    0.000000,    0.000000,   -4.970069,    0.000000,    9.737217,    1.522941,    0.000000,    0.000000,    0.000000,   20.888263,   15.749865,   20.888263,36535591.915292,-12191578.790990,-1733291.722519,-10155620.314727, 1191.939812,  100.000000,    0.396962
2011-07-01 24:00:00, 7413.810243,    0.000000,    0.000000,    0.000000,   -0.973420,    0.000000,    9.736578,    1.522841,    0.000000,    0.000000,    0.000000,   22.268752,   15.805193,   22.268752,36641743.524670,-2387800.422821,3090712.217824,-4710201.102522, 1227.045770,  100.000000,    0.100965
2011-07-02 24:00:00, 7412.564377,    0.000000,    0.000000,    0.000000,   -1.244101,    0.000000,    9.735761,    1.522713,    0.000000,    0.000000,    0.000000,   24.140431,   15.849846,   24.140431,37740182.287068,-3051779.919054,3628740.341669,-4768948.380611, 1261.896727,  100.000000,    0.100965
2011-07-03 24:00:00, 7405.035486,    0.000000,    0.000000,    0.000000,   -7.516069,    0.000000,    9.730824,    1.521941,    0.000000,    0.000000,    0.000000,   24.013874,   15.877674,   24.013874,38538557.064476,-18436916.052491,-2409051.433157,-11478723.029034, 1277.347856,  100.000000,    0.100965
2011-07-04 24:00:00, 7396.800917,    0.000000,    0.000000,    0.000000,   -8.216187,    0.000000,    9.725424,    1.521096,    0.000000,    0.000000,    0.000000,   23.894177,   15.893524,   23.894177,38275357.289884,-20154307.338922,-4032021.624302,-13851695.101430, 1242.577865,  100.000000,    0.100965
2011-07-05 24:00:00, 7394.635813,    0.000000,    0.000000,    0.000000,   -6.722403,    4.562908,    9.724004,    1.520874,    0.000000,    0.000000,    0.000000,   24.066339,   15.908033,   24.066339,34176489.619849,-16490055.118052,-2602288.025562,-10013907.785745, 1005.635768,  100.000000,    0.100965
2011-07-06 24:00:00, 7393.833847,    0.000000,    0.000000,    0.000000,   -5.362283,    4.562475,    9.723478,    1.520792,    0.000000,    0.000000,    0.000000,   24.399762,   15.921544,   24.399762,34378303.510638,-13153680.213878,-1794357.832422,-9235480.969362, 1250.625855,  100.000000,    0.100965
2011-07-07 24:00:00, 7387.553702,    0.000000,    0.000000,    0.000000,   -6.261790,    0.000000,    9.719360,    1.520148,    0.000000,    0.000000,    0.000000,   23.768229,   15.929109,   23.768229,30786776.711288,-15360171.266653,-3229646.038196,-11659138.531878,  769.523584,  100.000000,    0.100965
2011-07-08 24:00:00, 7381.850561,    0.000000,    0.000000,    0.000000,   -5.684169,    0.000000,    9.715620,    1.519563,    0.000000,    0.000000,    0.000000,   23.955363,   15.937654,   23.955363,29109757.356204,-13943266.470587,-2737532.881311,-9620426.388113, 1134.431594,  100.000000,    0.100965
2011-07-09 24:00:00, 7375.512029,    0.000000,    0.000000,    0.000000,   -6.314887,    0.000000,    9.711464,    1.518913,    0.000000,    0.000000,    0.000000,   23.594897,   15.953420,   23.594897,32253878.853601,-15490416.654440,-2604966.385234,-7866757.436415,  974.160684,  100.000000,    0.100965
2011-07-10 24:00:00, 7371.746298,    0.000000,    0.000000,    0.000000,   -5.269106,    1.518716,    9.708994,    1.518527,    0.000000,    0.000000,    0.000000,   24.130739,   15.978296,   24.130739,29999582.041502,-12925116.415635,-1379003.286360,-6235168.174217,  982.816477,  100.000000,    0.100965
2011-07-11 24:00:00, 7369.153245,    0.000000,    0.000000,    0.000000,   -4.100322,    1.518392,    9.707294,    1.518261,    0.000000,    0.000000,    0.000000,   25.087886,   15.997953,   25.087886,30689763.591592,-10058088.668164,-367855.781454,-5707224.469773, 1014.953156,  100.000000,    0.100965
2011-07-12 24:00:00, 7361.974526,    0.000000,    0.000000,    0.000000,   -7.145615,    0.000000,    9.702586,    1.517524,    0.000000,    0.000000,    0.000000,   24.152639,   16.020005,   24.152639,30327437.679647,-17528193.990261,-3232257.230547,-8293550.819617,  955.636495,  100.000000,    0.100965
2011-07-13 24:00:00, 7353.307136,    0.000000,    0.000000,    0.000000,   -8.671502,    0.000000,    9.696870,    1.516630,    0.000000,    0.000000,    0.000000,   23.191974,   16.037108,   23.191974,30471071.493293,-21271194.725158,-6596663.735412,-11586133.987155, 1019.730626,  100.000000,    0.586030
2011-07-14 24:00:00, 7347.554655,    0.000000,    0.000000,    0.000000,   -6.537496,    0.758164,    9.693059,    1.516034,    0.000000,    0.000000,    0.000000,   22.277117,   16.045880,   22.277117,23366722.479192,-16036477.337100,-5458778.256767,-9593790.674536,  495.145213,  100.000000,    0.585134
2011-07-15 24:00:00, 7344.417799,    0.000000,    0.000000,    0.000000,   -5.424334,    2.273805,    9.690981,    1.515709,    0.000000,    0.000000,    0.000000,   21.962804,   16.062904,   21.962804,19610597.708579,-13305890.751008,-3651548.436109,-4585908.843791,  768.952252,  100.000000,    0.382564
2011-07-16 24:00:00, 7342.304770,    0.000000,    0.000000,    0.000000,   -3.637453,    1.515598,    9.689581,    1.515490,    0.000000,    0.000000,    0.000000,   22.804718,   16.085618,   22.804718,28750215.091708,-8922671.815828,-805020.315933,-3669648.064204, 1079.823304,  100.000000,    0.382564
2011-07-17 24:00:00, 7340.408801,    0.000000,    0.000000,    0.000000,   -1.903627,    0.000000,    9.688324,    1.515294,    0.000000,    0.000000,    0.000000,   25.291843,   16.097374,   25.291843,34734463.939690,-4669597.333386,1381931.168626,-4132360.896382, 1149.424219,  100.000000,    0.447455
2011-07-18 24:00:00, 7352.735624,    0.000000,    0.000000,    0.000000,   -2.778254,   15.159029,    9.696492,    1.516571,    0.000000,    0.000000,    0.000000,   28.242210,   16.103085,   28.242210,32373974.347908,-6815057.396198,251953.593965,-4460605.003480,  923.370994,  100.000000,    0.410375
2011-07-19 24:00:00, 7363.522548,    0.000000,    0.000000,    0.000000,   -4.384799,   15.170880,    9.703601,    1.517683,    0.000000,    0.000000,    0.000000,   29.391299,   16.106978,   29.391299,30665390.045622,-10755911.928252,-1046062.910543,-6744136.997511, 1029.994021,  100.000000,    0.413930
2011-07-20 24:00:00, 7360.270031,    0.000000,    0.000000,    0.000000,   -6.271636,    3.034930,    9.701468,    1.517349,    0.000000,    0.000000,    0.000000,   27.751916,   16.120123,   27.751916,33288191.766179,-15384322.914562,-444932.286346,-6515539.460093, 1083.491238,  100.000000,    0.451039
2011-07-21 24:00:00, 7354.671579,    0.000000,    0.000000,    0.000000,   -8.638280,    3.034080,    9.697774,    1.516772,    0.000000,    0.000000,    0.000000,   26.911804,   16.154279,   26.911804,35604148.738220,-21189700.385007,189836.562255,-7305100.406370, 1169.953274,  100.000000,    0.491637
2011-07-22 24:00:00, 7345.030172,    0.000000,    0.000000,    0.000000,   -9.686080,    0.000000,    9.691386,    1.515773,    0.000000,    0.000000,    0.000000,   26.054469,   16.171969,   26.054469,36641875.378710,-23759953.963999,-2690162.092897,-11837203.938235, 1143.290433,  100.000000,    0.489896
2011-07-23 24:00:00, 7342.705668,    0.000000,    0.000000,    0.000000,   -7.639026,    5.304729,    9.689846,    1.515532,    0.000000,    0.000000,    0.000000,   25.352771,   16.181287,   25.352771,32433507.813215,-18738529.848431,-3453249.946465,-11317941.497281,  899.694033,  100.000000,    0.489476
2011-07-24 24:00:00, 7341.931222,    0.000000,    0.000000,    0.000000,   -6.839514,    6.061890,    9.689333,    1.515451,    0.000000,    0.000000,    0.000000,   24.923734,   16.191026,   24.923734,28496374.556630,-16777327.937287,-4429082.710247,-8940218.062085,  887.468100,  100.000000,    0.489337
2011-07-25 24:00:00, 7335.468625,    0.000000,    0.000000,    0.000000,   -7.245117,    0.757553,    9.685051,    1.514782,    0.000000,    0.000000,    0.000000,   23.977330,   16.203768,   23.977330,30496468.903863,-17772272.525602,-4409512.710573,-9729604.989575, 1017.417409,  100.000000,    0.580569
2011-07-26 24:00:00, 7327.668717,    0.000000,    0.000000,    0.000000,   -7.826238,    0.000000,    9.679883,    1.513973,    0.000000,    0.000000,    0.000000,   23.436226,   16.220075,   23.436226,32711900.489415,-19197761.922551,-4008134.914959,-11254223.457631, 1020.299547,  100.000000,    0.566975
2011-07-27 24:00:00, 7327.564616,    0.000000,    0.000000,    0.000000,   -7.674171,    7.569747,    9.679814,    1.513963,    0.000000,    0.000000,    0.000000,   22.316747,   16.238580,   22.316747,27482451.442834,-18824741.153264,-4751722.747078,-8854890.291400,  688.505252,  100.000000,    0.382564
2011-07-28 24:00:00, 7331.095678,    0.000000,    0.000000,    0.000000,   -4.028281,    7.570662,    9.682154,    1.514329,    0.000000,    0.000000,    0.000000,   22.959573,   16.256499,   22.959573,27837730.937333,-9881372.540660,-1190767.526040,-5721290.292122, 1029.497784,  100.000000,    0.382564
2011-07-29 24:00:00, 7328.389870,    0.000000,    0.000000,    0.000000,   -4.228769,    1.514186,    9.680361,    1.514048,    0.000000,    0.000000,    0.000000,   24.532739,   16.267472,   24.532739,34324866.778888,-10373171.543712,-54616.905985,-8185838.445823, 1083.674976,  100.000000,    0.382564
2011-07-30 24:00:00, 7334.124142,    0.000000,    0.000000,    0.000000,   -6.361116,   12.114510,    9.684160,    1.514642,    0.000000,    0.000000,    0.000000,   23.448182,   16.282885,   23.448182,32417912.997171,-15603817.122199,-1203523.054202,-9364497.351405,  906.015600,  100.000000,    0.603514
2011-07-31 24:00:00, 7339.782411,    0.000000,    0.000000,    0.000000,   -4.925035,   10.604386,    9.687909,    1.515229,    0.000000,    0.000000,    0.000000,   24.566695,   16.301652,   24.566695,32145055.113936,-12081111.224731,-14332.238882,-7272814.429299, 1055.049286,  100.000000,    0.568441
2011-08-01 24:00:00, 7335.260907,    0.000000,    0.000000,    0.000000,   -4.538594,    0.000000,    9.684914,    1.514760,    0.000000,    0.000000,    0.000000,   25.209859,   16.309985,   25.209859,33600253.586110,-11133170.021375,-131400.792516,-8609600.462107,  988.303328,  100.000000,    0.613292
2011-08-02 24:00:00, 7356.624695,    0.000000,    0.000000,    0.000000,   -4.312550,   25.768643,    9.699068,    1.516974,    0.000000,    0.000000,    0.000000,   25.219280,   16.315033,   25.219280,25949139.218131,-10578685.281795,-921853.440719,-7492748.511630,  585.924261,  100.000000,    0.613292
2011-08-03 24:00:00, 7378.077039,    0.000000,    0.000000,    0.000000,   -4.436612,   25.806235,    9.713146,    1.519176,    0.000000,    0.000000,    0.000000,   25.087084,   16.328548,   25.087084,27030769.435702,-10883009.566363,-745930.491471,-6679124.300558, 1035.645311,  100.000000,    0.573241
2011-08-04 24:00:00, 7371.922744,    0.000000,    0.000000,    0.000000,   -6.129811,    0.000000,    9.709110,    1.518545,    0.000000,    0.000000,    0.000000,   24.583751,   16.335598,   24.583751,33978208.701870,-15036426.674086,-2145713.461076,-11904964.185038,  999.017119,  100.000000,    0.516927
2011-08-05 24:00:00, 7367.277438,    0.000000,    0.000000,    0.000000,   -4.625128,    0.000000,    9.706064,    1.518068,    0.000000,    0.000000,    0.000000,   25.570544,   16.339557,   25.570544,33081847.329437,-11345438.737545,-1498530.214854,-11372613.331327,  973.982668,  100.000000,    0.572373
2011-08-06 24:00:00, 7364.609562,    0.000000,    0.000000,    0.000000,   -4.173549,    1.517925,    9.704314,    1.517795,    0.000000,    0.000000,    0.000000,   26.114158,   16.342158,   26.114158,29593618.878514,-10237716.435894,-1519987.612164,-9063018.951645,  785.344496,  100.000000,    0.572373
2011-08-07 24:00:00, 7362.885234,    0.000000,    0.000000,    0.000000,   -4.751537,    3.035384,    9.703183,    1.517618,    0.000000,    0.000000,    0.000000,   25.984667,   16.345536,   25.984667,28678462.222096,-11655521.124637,-2104821.104534,-8298024.609869,  909.189009,  100.000000,    0.572373
2011-08-08 24:00:00, 7358.100834,    0.000000,    0.000000,    0.000000,   -6.278046,    1.517357,    9.700046,    1.517127,    0.000000,    0.000000,    0.000000,   25.337301,   16.351891,   25.337301,30481760.506362,-15400047.014185,-3270307.181257,-9503551.498031,  885.805505,  100.000000,    0.572373
2011-08-09 24:00:00, 7352.307603,    0.000000,    0.000000,    0.000000,   -8.855078,    3.033630,    9.696208,    1.516527,    0.000000,    0.000000,    0.000000,   23.774524,   16.373893,   23.774524,29269969.446080,-21721506.514975,-4762242.319333,-9624640.359939,  831.010894,  100.000000,    0.422038
2011-08-10 24:00:00, 7344.517565,    0.000000,    0.000000,    0.000000,  -11.615608,    3.790264,    9.691047,    1.515719,    0.000000,    0.000000,    0.000000,   22.251888,   16.422949,   22.251888,31073726.938044,-28493086.430487,-7655620.890395,-12319064.124151,  982.017129,  100.000000,    0.740701
2011-08-11 24:00:00, 7338.304235,    0.000000,    0.000000,    0.000000,   -9.269272,    3.030784,    9.686930,    1.515076,    0.000000,    0.000000,    0.000000,   21.456270,   16.454177,   21.456270,33176815.155418,-22737524.079334,-5350506.338656,-13354217.931595,  947.789537,  100.000000,    0.342961
2011-08-12 24:00:00, 7335.308349,    0.000000,    0.000000,    0.000000,   -6.036893,    3.029837,    9.684945,    1.514765,    0.000000,    0.000000,    0.000000,   21.482535,   16.469159,   21.482535,31710295.909975,-14808497.651539,-2159608.461142,-11025491.287736,  889.082450,  100.000000,    0.342961
2011-08-13 24:00:00, 7332.018615,    0.000000,    0.000000,    0.000000,   -4.815886,    1.514595,    9.682765,    1.514424,    0.000000,    0.000000,    0.000000,   21.946073,   16.479964,   21.946073,28145387.751405,-11813369.392013,-2145482.654141,-8999944.554444,  735.172777,  100.000000,    0.342961
2011-08-14 24:00:00, 7328.322486,    0.000000,    0.000000,    0.000000,   -4.465344,    0.757116,    9.680317,    1.514041,    0.000000,    0.000000,    0.000000,   22.193284,   16.489025,   22.193284,29056524.949007,-10953489.629232,-2605821.866659,-9969071.396475,  930.473606,  100.000000,    0.342961
2011-08-15 24:00:00, 7323.697889,    0.000000,    0.000000,    0.000000,   -4.638422,    0.000000,    9.677252,    1.513562,    0.000000,    0.000000,    0.000000,   22.254078,   16.495099,   22.254078,31412182.893306,-11378048.627069,-2218728.758012,-11168504.520137,  865.244815,  100.000000,    0.342961
2011-08-16 24:00:00, 7318.845512,    0.000000,    0.000000,    0.000000,   -4.865306,    0.000000,    9.674037,    1.513059,    0.000000,    0.000000,    0.000000,   22.586670,   16.503822,   22.586670,30875499.811073,-11934595.016037,-1042990.753727,-9087808.417653,  891.116245,  100.000000,    0.342961
2011-08-17 24:00:00, 7313.407414,    0.000000,    0.000000,    0.000000,   -6.207058,    0.756388,    9.670434,    1.512496,    0.000000,    0.000000,    0.000000,   21.698272,   16.527229,   21.698272,31408133.295538,-15225914.428622,-545664.691798,-8699169.569750,  888.052799,  100.000000,    0.143442
2011-08-18 24:00:00, 7306.000858,    0.000000,    0.000000,    0.000000,   -8.176492,    0.756058,    9.665527,    1.511728,    0.000000,    0.000000,    0.000000,   21.439121,   16.560198,   21.439121,31490770.264692,-20056934.187900,-2100216.643647,-11000325.001503,  888.068762,  100.000000,    0.199519
2011-08-19 24:00:00, 7305.743873,    0.000000,    0.000000,    0.000000,   -7.060070,    6.802674,    9.665357,    1.511702,    0.000000,    0.000000,    0.000000,   21.105051,   16.586400,   21.105051,30051509.582332,-17318350.945562,-1696958.474921,-10779140.146981,  800.265542,  100.000000,    0.199519
2011-08-20 24:00:00, 7306.726065,    0.000000,    0.000000,    0.000000,   -5.819052,    6.802839,    9.666008,    1.511803,    0.000000,    0.000000,    0.000000,   21.509830,   16.603835,   21.509830,29153903.775757,-14274135.078684,-1251595.741355,-8843008.505823,  828.513788,  100.000000,    0.199519
2011-08-21 24:00:00, 7299.769405,    0.000000,    0.000000,    0.000000,   -6.966608,    0.000000,    9.661398,    1.511082,    0.000000,    0.000000,    0.000000,   20.703064,   16.620352,   20.703064,30039772.524572,-17089088.274414,-3292122.798051,-11162938.468651,  842.242785,  100.000000,    0.199519
2011-08-22 24:00:00, 7292.586162,    0.000000,    0.000000,    0.000000,   -7.190029,    0.000000,    9.656639,    1.510338,    0.000000,    0.000000,    0.000000,   20.497557,   16.640680,   20.497557,29071380.035436,-17637140.361933,-4214906.526594,-12636177.208325,  768.672566,  100.000000,    0.131978
2011-08-23 24:00:00, 7289.266623,    0.000000,    0.000000,    0.000000,   -6.341785,    3.020325,    9.654440,    1.509994,    0.000000,    0.000000,    0.000000,   19.942443,   16.670191,   19.942443,27110062.914010,-15556397.982968,-1836246.919388,-9797407.871711,  726.610052,  100.000000,    0.131978
2011-08-24 24:00:00, 7287.009002,    0.000000,    0.000000,    0.000000,   -5.278243,    3.019751,    9.652944,    1.509760,    0.000000,    0.000000,    0.000000,   20.146026,   16.741050,   20.146026,28171502.941153,-12947529.429971,2343832.094315,-7264738.286757,  818.474876,  100.000000,    0.131978
2011-08-25 24:00:00, 7281.021316,    0.000000,    0.000000,    0.000000,   -5.988333,    0.000000,    9.648977,    1.509140,    0.000000,    0.000000,    0.000000,   19.972285,   16.802681,   19.972285,29994680.767505,-14689380.232476,680848.814989,-8648480.670219,  820.261218,  100.000000,    0.149432
2011-08-26 24:00:00, 7276.247972,    0.000000,    0.000000,    0.000000,   -5.526537,    0.754449,    9.645814,    1.508645,    0.000000,    0.000000,    0.000000,   20.116270,   16.832537,   20.116270,27765795.079514,-13556594.058039,-613100.056416,-9498938.802031,  691.483631,  100.000000,    0.123049
2011-08-27 24:00:00, 7271.971815,    0.000000,    0.000000,    0.000000,   -5.027913,    0.754213,    9.642981,    1.508202,    0.000000,    0.000000,    0.000000,   20.639628,   16.850059,   20.639628,27680745.402574,-12333469.740023,-1127961.615327,-10727870.093634,  805.991801,  100.000000,    0.123049
2011-08-28 24:00:00, 7267.378176,    0.000000,    0.000000,    0.000000,   -4.589603,    0.000000,    9.639937,    1.507726,    0.000000,    0.000000,    0.000000,   20.031799,   16.856727,   20.031799,29025917.116835,-11258295.901461,-2158852.527768,-12808158.102788,  759.128857,  100.000000,    0.123049
2011-08-29 24:00:00, 7262.336738,    0.000000,    0.000000,    0.000000,   -5.035344,    0.000000,    9.636597,    1.507203,    0.000000,    0.000000,    0.000000,   19.880775,   16.864487,   19.880775,28483645.595052,-12351699.143790,-2243410.982899,-12237052.790639,  769.195018,  100.000000,    0.123049
2011-08-30 24:00:00, 7257.225759,    0.000000,    0.000000,    0.000000,   -5.103020,    0.000000,    9.633211,    1.506674,    0.000000,    0.000000,    0.000000,   19.860472,   16.878413,   19.860472,27236771.379215,-12517708.217015,-1239891.668820,-9732188.685852,  686.789730,  100.000000,    0.123049
2011-08-31 24:00:00, 7254.675933,    0.000000,    0.000000,    0.000000,   -4.051718,    1.506542,    9.631521,    1.506410,    0.000000,    0.000000,    0.000000,   19.581907,   16.892274,   19.581907,18622514.235952,-9938863.587783,-1513098.599313,-5789547.239091,  308.065327,  100.000000,    0.123049
2011-09-01 24:00:00, 7253.468788,    0.000000,    0.000000,    0.000000,   -2.711133,    1.506347,    9.630722,    1.506284,    0.000000,    0.000000,    0.000000,   19.809648,   16.917340,   19.809648,19665268.060599,-6650408.697655,33643.133889,-4065543.389186,  727.705066,  100.000000,    0.123049
